price,lotsize,bedrooms,bathrms,stories,garagepl
246207.61915427676,5264.766914244117,2,1,2,1
240642.82321190496,5398.105742522806,3,3,2,1
132463.9023529247,2572.6838079302584,3,2,2,2
168138.22339620613,5562.607872024167,5,3,1,0
167173.55242655912,6604.775748051558,5,1,1,0
161045.98853760623,3630.577890463986,1,1,2,0
156394.81172982205,5653.3337725622205,1,1,2,0
166448.80444246522,6338.395490555201,1,3,2,1
216797.43714270805,5880.01731279512,5,2,2,1
224720.46436249145,6021.509358112336,5,1,2,2
199918.2016677951,4632.799637290548,5,1,2,2
178698.383071779,3308.7434933891063,3,3,2,0
263773.162432681,4329.280306424131,5,2,2,2
195421.69696750812,4120.914347194062,3,3,1,2
246853.6260157589,4879.611430688681,1,1,1,0
171533.6934725611,6639.9063581898945,1,2,1,0
220685.63999760372,3032.239807753747,1,2,2,2
267104.42521529575,5216.375034226086,2,1,2,1
69560.59951578121,3404.8975317232207,2,2,2,2
167245.7358087961,3889.929623265843,4,2,1,2
229687.10879206058,5838.1111289177625,4,3,2,1
260640.75368413428,3215.082419951451,4,1,1,1
210155.67739732531,6101.366434554468,2,1,2,0
202478.63646497022,2971.753330062913,2,1,1,0
280528.92316116503,6000.47060515724,4,1,1,2
263699.66952944093,2675.703095632232,4,1,1,1
156570.90314761503,4073.2809811150764,5,2,2,0
205820.54900603785,7844.7415746943425,4,3,1,2
218008.45010677577,7562.819554650329,5,1,2,1
285929.9687006843,4381.213021224282,3,3,2,2
243303.52580213992,5584.940879044852,2,3,2,0
194821.19500491882,6806.1020283273265,4,2,2,0
211003.71644018104,6021.944261630707,2,1,2,1
105805.82553830532,4589.803630317764,2,2,1,2
248431.42423136724,3877.0470289455006,2,1,2,1
232286.63943616237,6302.154714436894,3,2,2,0
260607.8216612551,6696.054962921752,1,3,2,0
192797.535086274,7573.552751591582,4,1,2,2
206402.05342792303,2469.1258648203934,1,3,2,2
175933.08253601374,3120.3128176984214,1,3,1,2
142597.25469221294,6742.885403220621,1,2,1,1
169887.1898558912,2672.704179874735,2,1,2,2
109034.97752350353,6857.824932367899,5,3,1,2
245730.2757797042,4677.601241021912,2,2,1,0
91255.87486734515,4218.629270994973,2,1,2,0
301607.126297961,5308.142894407204,1,1,1,2
111793.6550349959,2981.9473216467522,2,3,2,2
274994.4337837598,6236.022245897528,1,1,1,0
154597.2978214781,7534.455496542045,5,3,1,2
228051.653373553,6305.864323721362,4,1,1,1
162377.66498365655,4630.236961168789,1,2,2,1
283687.40796956915,2692.9464383518384,5,3,1,1
202185.13340421367,2750.6188156956005,4,3,1,2
253684.10060493762,3005.535046641038,3,1,2,0
203802.40199481926,4981.582584331524,1,1,2,2
217647.9987769451,5170.100094908907,1,3,1,2
230805.33270098746,6302.665266111493,3,1,2,0
173563.8007250148,2305.9565202753865,3,2,1,0
135985.44358823722,6966.8153455885995,1,1,1,0
134919.8337129,6041.609478418057,3,2,2,1
202542.12845680778,4509.745560406798,2,2,2,2
175567.99573059598,3215.35768740185,4,2,2,0
92707.1620075029,6873.710962536678,4,2,1,2
225647.06253957478,4549.859058143924,4,2,2,1
139075.51793567074,4969.971650983357,2,1,1,1
141983.7487365347,5575.417956181898,3,2,2,0
197918.69828565378,3630.2016413275833,5,1,1,0
154994.21709630435,4576.729131462127,3,2,2,2
206125.27491697596,6297.97535303057,1,3,1,0
298673.04458012787,6146.144117744412,4,2,2,2
181047.11769088396,6159.660810042857,3,3,1,0
147021.04268916755,3267.2303732893524,5,2,2,2
209075.3488813655,4645.129473906289,1,2,2,2
161238.41031661563,4405.4092474282925,2,2,1,2
201187.57409988734,5637.768263412053,2,3,2,2
215781.79883406195,5503.486984473347,5,3,1,1
198240.1530768758,5233.1409961144045,1,2,1,2
202827.9474794584,8698.600933129894,4,1,2,0
209604.51903163246,4563.790879783944,3,2,1,1
279855.63612604054,4388.265370897184,1,3,2,1
187354.03479465024,3264.875494495916,2,2,2,2
206371.7203334045,2693.229011106694,5,3,1,1
243342.45316710713,3169.523934176337,5,3,2,2
223551.84157090104,3921.97711183508,3,3,1,0
182089.53997546103,6965.109641656779,5,2,1,2
245093.17185089434,5058.745856542788,5,3,2,1
156437.65594425355,5289.9960004291,1,3,2,0
188662.5286350887,4855.590037696855,4,2,1,2
161445.672974778,5547.951489532683,3,3,1,0
228808.72997355505,7103.108220826765,1,2,2,0
259479.98906423745,2009.1037455979463,4,3,2,1
211166.80793481777,6827.505973378071,1,1,2,0
203763.29729645938,1227.4423211974895,1,1,2,1
156249.5666270962,5042.304067282891,5,3,1,0
164872.4441439918,8287.861032116623,4,1,2,2
140336.9942180787,6020.986909297316,3,2,1,0
91165.93053639088,5559.588402980955,3,1,1,2
180448.29993847542,8002.91895020446,4,3,2,2
185094.73653235173,3945.4056529982845,5,3,1,0
308642.1147686653,5650.951133697571,2,2,2,2
278140.6783104055,5867.17564621084,1,3,1,0
227782.0119816767,4216.396798659462,5,2,2,0
304223.8615270782,4348.834730756029,4,1,1,2
269545.1748092637,4184.330850164991,1,1,1,2
99621.59893186131,5130.972461012846,3,2,2,1
253372.8086117376,5820.03740865697,2,2,2,2
235572.71325974134,5184.845409371993,3,3,1,1
185531.10264336542,6064.192726144784,4,1,1,2
129239.87402412426,2046.279071039679,1,2,2,0
229770.05678552116,4672.623254385745,4,1,1,2
96043.61385127518,3464.8710344740307,1,2,2,0
198926.251881267,5452.583769024348,5,1,1,0
169145.47958565626,5430.376143008485,2,3,2,0
137057.89792239023,4826.566827563817,5,1,1,1
259440.0503826103,5765.4185157981065,5,1,2,2
197934.57847096137,6496.719077396041,4,1,2,0
208698.31645847848,4909.219216540537,2,1,1,0
245393.5973621214,3422.4576678504473,1,1,2,1
199560.4721848322,2628.1136436207785,1,3,1,2
222570.55993237492,5054.165262995192,3,2,2,2
240792.5810244545,5362.800052270311,1,1,2,1
228337.79634594131,3545.7141657200314,4,3,2,1
214299.0083094142,6088.650234744549,5,1,1,2
289155.64176875283,4311.56467126314,5,1,2,1
262098.5299004928,2515.3507022432746,5,2,1,2
195711.8415383583,6884.654513517784,2,1,2,2
154515.35249257737,6715.981878803244,1,3,1,0
231931.1824918822,1976.6008450053528,4,3,1,0
210793.03240945027,4156.0995775194615,2,2,1,2
285449.78315944166,4097.624477878586,3,1,2,2
249374.65028503613,7459.232989126254,4,3,1,2
238210.2194000954,4851.060934937515,4,1,2,2
200647.57689770474,2756.1827029168735,4,1,1,2
156215.06291663786,6323.157173361317,5,1,1,2
190101.85156493424,3153.8366813508783,4,2,1,1
223841.40471620552,4609.489263917358,1,1,1,2
113520.99534954272,3845.3466831786845,4,3,2,1
262085.6979826172,4159.31735258009,5,1,1,1
303352.20008756896,6405.887134345909,4,3,1,2
102753.03548146252,7281.995241998249,3,1,2,2
129989.22244932322,3088.446880430932,3,3,1,1
211483.12321165702,5939.114638261726,5,3,1,1
170870.9542182533,3900.869555465006,1,1,1,2
213045.32169158367,3947.4921349638867,1,1,1,2
196416.29817212815,5735.954332134072,2,3,2,1
148809.07402554728,3458.1458514294573,5,2,2,1
264420.3170089245,5705.903901162567,4,1,1,1
223225.83026214247,6095.170034764603,5,2,2,0
172012.9012635864,4351.201607451472,2,1,2,1
275251.25573304103,6990.6171530205,5,1,1,0
174579.70225531235,3090.7630819077394,5,1,2,2
137907.97416472333,7018.109285917508,2,1,1,2
209175.59115438678,2084.0188557723004,1,2,2,1
217657.8811611333,9049.571210629265,4,1,2,2
226595.8446109423,4390.696642067251,2,3,2,2
234817.55633262434,3256.5392654185735,3,3,1,2
225806.23642888453,4650.992137220002,1,2,2,2
223774.6820724587,3430.2830860633576,3,1,1,0
171312.30998459176,5580.447948281813,1,3,1,0
165962.78627147232,7051.485997205221,4,2,2,1
237118.2458129559,3509.8156609149837,4,1,1,1
212172.8255349944,5869.098858761005,5,3,2,1
241012.28697431277,2700.896946656361,3,3,1,2
114636.14221862008,6549.432099842918,1,2,1,2
174960.6808791203,5624.354550391393,4,1,2,0
295350.9450955278,6614.274981995481,2,1,2,0
227626.65761737202,4816.479646038342,4,3,2,1
214777.52254895764,4347.265103217872,2,3,2,0
235396.21834848373,6224.176154085999,1,3,1,0
310422.52629330906,3037.927217662372,4,1,1,0
299902.4771143514,2385.763502399637,4,2,1,0
121023.9621343703,4992.557023939943,1,2,2,0
139474.9420465316,4415.605089711811,4,1,1,1
119329.4672224604,5830.749997672319,2,2,2,1
162644.60555298685,6637.327136470995,4,3,1,0
202745.96493261284,5799.521118726709,3,2,2,1
212100.75720338983,6517.854967740118,5,2,1,2
123476.06284063737,5481.578499998246,2,2,1,0
106632.40868154453,5741.893622481648,3,3,2,2
161760.4306522275,4825.0141852515935,1,1,1,1
245808.56328023103,5697.568191522773,2,3,2,1
254518.1455846823,5249.97924284527,5,1,1,2
285291.2429668843,5487.765194793596,5,1,1,1
198383.4874537443,4749.9139503697415,1,1,2,0
241407.67451950526,6213.393800706947,1,2,2,2
250494.74805248302,3934.3211752475727,2,2,1,0
175157.04836636892,4972.47646864384,4,1,1,2
219392.24407652332,6967.675850311363,1,1,1,1
232935.25628548767,3576.917265618312,4,2,1,2
154542.11914574378,1757.231807371054,3,3,1,2
282104.8085553722,5549.685749446958,5,1,1,0
198059.38586399867,4614.568264469751,4,3,2,1
204351.76140733363,6516.293360557759,5,2,2,0
152632.93100289378,4804.22738015451,4,1,2,1
161028.69020612334,4093.4913926550325,3,3,1,0
90174.26995839954,4886.27390627268,1,3,1,2
202757.79382093062,6639.602879919816,3,3,1,0
325284.4604820986,5863.054440788563,1,2,2,1
149069.02759477563,1349.1466151779482,1,2,2,1
348809.84640774864,5278.651238130157,5,3,1,2
270712.5631306207,5353.643198602107,3,3,1,1
176320.56095114455,4972.625052199221,4,2,2,0
201363.23524094393,4083.665162647116,3,3,2,2
193244.98460425314,6791.797811759667,5,3,2,1
285308.1986698856,6866.050922202292,1,2,1,1
225850.78650589802,1695.2593087612072,5,3,1,0
259098.7024310907,3803.060783387834,2,3,1,0
217908.5922680674,4782.90402307142,2,3,2,2
194401.37397026914,6422.762305575005,4,2,2,1
216321.16825353572,5052.279314587649,5,3,1,0
179652.78830639593,3974.609299752615,4,2,1,2
127389.79782645512,6064.300365961062,4,2,2,1
240684.42879783254,4682.995871673511,2,1,1,1
124941.77758284567,4823.89871126756,4,1,2,2
186558.29116024124,4959.262349893886,2,3,2,2
178006.78561922914,5861.462661257726,1,2,1,0
232167.6965527035,4537.175597489319,5,1,2,1
278235.22924667643,6030.419738970833,4,3,1,1
260248.53236503742,4890.396547389391,2,1,2,1
233621.25094475463,3399.4751203731857,3,1,2,2
168506.4177189609,4944.835541456828,4,2,1,0
190826.5423201768,3477.1798952821773,1,2,2,1
183536.3146472091,5061.480184663913,1,1,1,2
176485.9276635278,6244.210893847199,3,1,1,1
179877.44456865813,3389.556490996828,2,2,2,0
178543.09824662047,5546.410108706658,4,3,1,1
176328.6903649752,3756.4438124701883,2,2,1,0
247594.1509014277,5302.550839874821,1,1,1,0
147268.1555566954,6290.306363030726,2,3,1,1
163526.29488480848,1805.730388834938,1,1,1,1
120829.6639480244,3328.2862596929817,2,3,1,0
270774.1401255425,4446.530832335116,3,1,2,2
160174.85206712066,5472.560733772423,5,3,1,0
233038.76158610702,4750.425005962515,3,3,2,1
223765.94301061533,4931.1788270286215,3,1,2,1
265941.9310545386,8064.476788026885,5,3,1,2
189499.1650812453,3181.3140817261583,5,2,2,0
152623.01063570438,6703.227524544156,4,1,2,0
122212.50120641857,4475.032809268375,4,2,1,0
60768.21776089497,5824.212188748102,3,1,1,1
208067.66129394513,8193.4198336184,3,3,1,0
238773.6286244457,6033.017035528139,1,3,2,2
223584.40525989205,5558.743564685,1,3,2,1
123511.78484135961,7398.683502724063,4,1,1,1
251941.30725559645,6687.1979668897875,4,2,1,0
165089.19858423236,3800.9088857578467,1,2,2,2
154654.82529291228,5441.7871136807835,1,1,2,1
163968.38823484082,2423.7563987888607,2,1,2,1
203920.44612530386,4189.769917438623,2,2,2,0
125764.92142414639,5471.079451399789,1,2,1,0
198148.2043140441,4096.841970828112,2,2,2,2
221472.41226918346,5410.050118957887,5,2,2,0
255366.19481218074,4979.923076520442,4,1,2,2
208797.8328610622,5804.625098592564,4,1,2,1
133018.57509031042,4363.701466957834,1,3,1,2
207444.51138261118,3589.77662834493,3,2,1,2
146987.086302694,7217.190239259891,1,3,2,2
144102.7421816525,4256.454885965083,2,1,2,1
131864.81982300105,5990.0158896756775,3,1,1,0
104437.3160052988,7152.870539708804,2,3,1,1
171641.84160323025,5244.004998496298,5,2,2,0
256444.43715234537,3715.540145835276,2,2,2,2
312824.2007713771,4732.085038178983,5,2,1,2
171320.7420829953,6526.311374910129,5,2,1,2
254305.27633848277,5309.371318606794,2,3,1,2
180270.88408817025,3192.287311693585,2,3,1,2
117463.21402757194,5894.965750300568,5,1,1,0
235047.11307230385,6154.297203576498,3,2,1,0
211740.70433977834,4467.0321708230995,5,2,2,2
290900.98039805575,5915.3665634071185,4,2,1,1
123266.0759008622,5367.5278931907005,5,3,1,1
339801.63541676383,4703.855692036941,3,2,1,2
279585.8661594078,3059.6963846095045,4,3,1,0
199103.8213219073,6616.930842658637,1,2,2,1
185068.1104100741,6138.816499879749,1,2,2,1
164209.50655656913,5875.829441562969,3,1,1,1
205486.63195938963,7316.789005517141,5,2,2,2
190803.1922295511,6417.790590520391,2,2,2,1
225689.77067903057,6029.849009227344,3,1,2,1
185281.6669490847,1680.1589779597534,4,3,2,1
270748.18457483314,6795.342427703624,4,3,2,1
206252.30155832233,5124.620771423076,1,2,2,0
187159.1486037134,5468.737520385708,4,3,1,2
251214.3290889695,5478.9997845400785,3,2,1,2
118873.81849011239,6160.749115463419,4,1,1,0
217049.41761385667,6683.262543202528,3,1,1,0
201278.56682047166,5951.361714588834,2,2,1,2
129457.47347971085,5712.928383979837,1,1,2,1
114574.83602157462,5347.269108943357,4,1,1,1
250517.25014707888,-27.415775357017083,3,2,1,2
248139.5345175347,4568.613470824717,5,2,2,1
208627.92148171796,3587.6157239740314,1,1,2,0
285832.8888227362,6816.109308408628,2,3,1,1
222048.40909306344,5928.555797429441,3,3,2,1
262490.2659705608,4312.794519179399,2,2,2,1
221016.22935922604,4463.424226596134,2,2,2,2
186209.52171990043,4409.027955046368,4,3,2,0
147123.43742833287,4382.260768521621,4,1,1,1
169828.18725486187,2833.163834712804,3,3,2,2
187143.88643763907,2508.0807600833487,5,3,1,1
268157.6551053353,5043.570158572616,3,3,1,0
238495.97792648317,6612.971209039032,5,3,2,1
216515.9534121308,4193.465453858205,2,2,2,0
243500.49537820372,5455.167126386068,1,2,2,1
226369.18578462413,6101.391375765088,3,1,1,0
213096.8805553413,3509.9326916242153,3,1,2,1
125067.02992465226,4970.0368569201455,5,1,2,0
256957.87864308385,4000.2192780897276,2,1,2,1
177074.4076236762,7409.179237746941,2,3,2,1
254427.01388112723,7343.689260293171,5,2,2,2
259260.51457554448,3511.4857401877243,2,2,1,2
166498.04032223267,5578.826574626489,4,1,2,0
247485.80402979688,6601.398951218735,1,1,2,1
181950.62603720507,6272.494250564495,3,3,2,0
182248.38361766379,5122.344552476548,1,3,1,2
212873.6617291329,6959.836192646521,3,1,2,0
214223.62945847702,3643.2279665158508,4,2,1,0
201927.5757675446,4545.360583407962,2,2,1,2
133285.59922220215,3683.536370360637,5,2,2,1
193927.66802578303,6173.7402420509325,4,1,2,0
313923.93640942033,4126.044688550823,1,2,2,2
60799.78855989888,4743.126236844371,5,3,1,1
243487.02201142063,5926.505552398623,2,3,1,2
252856.24666781543,6047.374870666724,4,1,1,0
132082.61403569242,3639.310480617124,5,3,1,1
176528.0543295227,6584.982925659188,4,1,1,1
149964.14210283276,5683.534503000877,4,2,1,2
292698.26886559394,3377.4457406293977,2,2,2,2
255151.26333888914,3008.4261563650807,3,2,2,2
257571.26872323663,4976.270434606899,5,3,1,1
206032.36129973977,6275.140983975213,2,1,2,1
265604.5974874822,6313.57379360147,4,2,2,0
199588.17164689608,5534.250315837264,2,1,1,1
267957.8813605279,5073.012257490239,3,2,1,0
192565.17879438898,5767.606503618508,5,3,2,2
166037.90416432804,3717.0042284161123,3,3,1,2
290547.5133165972,7530.481794538087,1,1,1,1
198957.56196674317,7510.90762718378,5,3,2,2
155060.00458787679,5643.218471931046,3,3,1,2
154518.30512550139,5295.950629989278,4,1,2,1
154671.06634904796,4382.868541010945,5,2,2,0
242222.11755146843,5793.123268699492,5,3,2,1
195056.85614773922,3963.0239434748346,2,1,2,0
314897.94879985414,1664.581953506704,4,3,2,1
259308.90911620605,928.8390492633703,1,3,1,1
212856.90650469856,3800.75250025477,3,3,1,2
270194.8770599142,5234.567184377416,2,3,1,1
175224.63317652582,5497.957600930224,3,1,1,1
107260.70979203472,4269.864487236073,1,1,2,0
150520.84712126298,5212.752750714355,1,1,2,2
207360.39146848014,4588.657464418204,5,3,1,0
188872.926391443,3501.030863524794,1,3,2,0
241220.76941287302,4919.383236546312,3,3,1,2
193769.3109328265,6219.4356685484745,4,1,1,2
237401.73629808624,3568.9073783805165,4,3,1,2
275048.5815282145,3569.593080470453,5,2,2,1
193615.20746946143,3396.124109071763,3,3,2,2
227757.26443555608,2095.2218982378263,3,2,2,2
112260.6579712383,4279.696438779472,1,3,2,2
193805.30106297205,6071.129169428797,3,1,1,0
138402.09371269893,5260.874125750644,2,3,2,0
207261.33885646734,4746.12367391554,1,2,2,1
211799.98783386653,5193.597197360254,2,2,2,0
211633.81789568972,4266.527768856263,5,3,1,1
175993.87051018534,2078.1700441047915,4,2,1,0
314923.44308674167,6175.578172721849,5,2,2,2
136598.9244178466,6606.686860676977,4,1,2,0
133542.7086419242,3907.7648358983197,5,3,2,1
282748.9187868292,4773.746569090166,3,3,2,0
164786.04347050533,4644.50124340976,2,3,1,2
152765.4656231785,5526.933214136812,4,2,2,1
315145.5948861556,7534.840184939434,1,3,2,2
249286.13584117818,6739.686867933959,2,3,2,2
170276.7725930889,4434.628661879156,1,1,1,1
210875.39528467806,5813.695792250355,2,1,1,2
297293.5642413842,6881.535302859069,2,1,2,2
234581.03404754336,5612.517746592167,5,2,2,0
264307.4227553221,4992.950893339741,4,3,2,2
240240.15893669025,5669.000142000778,4,1,2,2
246512.66729767705,3945.09271615479,2,1,2,2
201987.08479552137,4164.078313843878,3,1,1,2
200567.42394881096,3403.9486471983537,3,3,1,1
213352.51926742267,5460.596774855365,1,3,1,0
236722.64037251502,4802.8956409666425,1,3,2,2
185834.23420836934,3765.3229079778803,5,2,1,2
206102.69672515025,4753.730882569243,2,2,1,1
184482.71920220074,5704.997391144755,1,1,1,2
205784.24109972647,7872.068458996988,1,3,2,1
137450.18345090764,6518.101797055787,2,1,2,0
330298.8733479759,1573.7782137764898,5,3,1,0
163352.9940610562,5358.962700230519,1,3,2,2
181926.96376202843,7143.986394069282,5,3,1,2
159036.78032225987,2993.1897631846514,4,2,1,2
230785.437458227,5827.338905318636,5,2,1,1
190199.86843788344,4645.036721703431,3,3,1,2
151809.6244951391,6725.435796374241,3,1,2,2
232844.16831121713,5606.385792520178,5,3,2,0
239582.45739613957,3673.9768181611907,3,3,2,2
196656.18377613666,4698.72278256407,4,1,2,0
166818.70243089617,4787.456485928566,2,3,1,2
309553.30027798587,4815.232677784926,3,1,2,0
217003.38152626157,6678.894417162895,3,2,1,2
136296.5507523338,3736.070117914655,5,2,2,0
270702.0230501384,6504.5769644917755,4,1,2,1
157211.26252937142,4546.625486117719,2,2,2,0
337093.9170134958,5335.266659493747,5,2,1,0
203982.89287637934,5108.566379421551,5,1,1,0
250665.80180276767,4967.291992877248,4,2,1,2
95999.12195765495,4979.595748332016,2,3,1,2
135792.95579550185,7186.037837406531,4,3,2,2
266692.98098803574,6263.674887359217,2,1,1,1
215890.75328145685,4455.926465630106,4,2,1,1
302119.82113570365,7374.180881183137,5,3,2,0
224258.75526147947,5412.021610989279,5,3,2,1
207264.81198705197,5536.436388985841,1,2,1,0
285678.69954111025,3744.0213810029127,3,2,2,0
250506.8499612722,4253.7520123922895,4,3,1,0
190186.94003618552,3967.2447381092366,1,3,2,1
145294.79497507765,5129.109297490512,3,1,1,2
81419.2167617253,5958.174619172314,4,1,1,1
178116.71650986475,5550.84844913332,2,3,1,0
140683.24523893138,7382.066234104373,3,1,1,0
329885.2321617192,3668.362992183147,5,3,1,1
167481.45279649866,5172.303565308323,1,3,2,0
166114.54971874776,3075.591006052558,3,1,1,0
123937.75627056773,3617.193542595107,3,1,1,1
186684.13357386485,6896.867566007695,5,2,1,1
166773.25351788936,4305.252700292802,4,2,1,1
286886.47143722296,3794.9543059095936,2,2,1,0
208423.8079707492,1805.0346866255795,5,3,2,0
199556.79886718112,3779.9680283166235,2,1,2,2
193266.36229587012,4692.079588707532,4,3,1,2
239308.74600946013,2963.8955603206837,3,1,2,1
177383.59171827495,4605.824916526297,2,3,1,2
233360.3046765919,6905.946590987335,1,2,2,0
280698.4910363722,3939.041989507501,1,2,2,2
223003.75051498233,3584.9254259450963,5,2,1,0
187513.43585874324,3314.1477997023603,4,3,2,1
152327.04145140492,3287.3538612263,5,1,2,1
186243.80068264628,5803.366170332643,5,1,1,0
228153.94369862854,5073.003105324576,5,2,1,2
123373.63290413393,6435.285318913361,1,2,2,1
241577.13788546412,8029.756837481383,1,2,2,1
210380.6344114032,2254.413302136278,5,2,2,2
192540.54201206405,5570.11806266266,1,1,1,2
167029.32942744988,3322.0709983496604,4,3,2,0
176181.11495153164,6183.348947050176,5,3,2,2
229865.3020732654,4592.131998389846,1,3,2,2
193589.42369524448,5040.9841412962605,2,3,1,2
174943.0016360715,3075.233858105288,5,2,1,0
223428.17466857613,4360.359462330249,5,2,1,0
225409.4888746065,5134.493376662389,4,2,1,1
137541.2469337976,7034.117220210062,3,3,2,0
228574.03482884925,3808.1592088871685,3,2,1,1
325084.91064302216,4173.9626427045305,4,2,2,2
223481.0394687752,6416.434463273422,4,1,2,1
115049.6397578166,3710.989574451034,4,1,2,1
208868.7695919773,6713.577715961189,3,2,2,2
108459.23129031576,4986.370137910616,4,1,1,1
358368.58360320795,5454.684442387765,1,1,1,0
311783.7343492237,5551.283453764056,5,2,1,0
166703.0758602302,4075.669169890088,5,2,1,0
87716.6400503082,5584.830229208593,2,2,1,0
156081.4406453608,3841.4453235285496,2,2,2,1
190950.4630530138,4246.845493851681,5,3,1,1
111906.81289801307,5838.036449049913,1,3,1,2
196548.87425018862,5440.090933462854,3,2,1,1
190621.0667864874,4887.552573741428,3,1,1,1
206257.73485314441,3111.902526105484,1,2,2,1
211482.258846899,3486.262565975555,3,2,2,2
151719.12000614242,5415.0635658574765,4,1,2,0
157329.29801251728,6098.210845227674,5,3,2,1
202279.6082235025,3335.531743218864,5,2,2,2
168450.39350630264,3740.262128821749,1,2,1,2
245374.7384208628,5201.27776126658,3,3,2,2
201794.727488385,5169.18179394364,2,3,2,0
293250.1616998737,2564.064186858438,2,1,2,1
241024.1219135613,5242.344520159983,3,3,1,2
255185.69346952988,4102.448284654672,2,3,1,0
206628.30339823928,7461.569944593437,1,3,2,2
207868.07506451482,5373.797814103485,1,1,1,2
286566.02899545885,5632.210174813854,3,3,1,2
181085.35582314854,5671.038953285916,2,3,2,2
227338.96770826197,3179.1089290211535,1,1,1,2
186688.1233919271,7915.815339662905,1,3,1,0
186568.19708063485,2565.63312882324,4,3,1,1
141555.186712914,6193.554712549613,4,1,2,1
162874.28245715296,5927.995906220974,1,2,2,1
153586.52742917748,4284.49643013056,3,1,2,1
229718.44044615846,5999.675475070084,5,3,1,0
252010.29641118314,4523.640201764393,5,3,2,0
195262.33132107987,3986.8078327163325,1,3,1,0
211481.39650818266,5704.338754029391,1,1,1,2
192376.4322447452,3490.158513368147,1,3,1,2
159461.20400535077,4663.617261863646,3,3,2,2
243113.15123984395,4108.734876905064,4,1,2,1
232626.73468797395,4496.030735640583,1,2,2,2
105372.70073480182,5649.092898695277,1,2,2,1
185844.54993823732,4108.450441480691,2,3,1,2
155898.6329396286,4711.514130391453,3,1,2,1
180453.07151673874,4245.282122147628,1,3,1,2
166478.42164768704,7165.994998361819,2,1,2,2
197678.98146293,5513.918597320835,5,1,2,0
183504.2632433263,5330.104449450079,1,2,2,2
182442.96530895805,6025.127756935136,1,2,1,2
255369.4214169357,4108.79813483767,2,1,1,0
227858.93303346244,6288.885837499761,3,3,1,1
164805.2674849783,5519.266618749112,1,2,1,0
172222.66335932896,2658.6636458689018,5,3,1,0
224589.65276998063,2857.9537503488527,1,2,2,1
224520.97858513833,4141.554420823902,5,2,1,2
169810.98804689656,3018.490256202245,4,3,1,1
188300.46665489176,4642.582308950625,4,2,1,2
292340.3020043484,3479.393012876204,5,2,1,2
170672.59557393283,4853.415420393621,3,3,2,1
295540.22942293924,7117.564063897184,1,2,1,0
255183.34712629026,4925.934644665723,1,2,2,1
286270.8137527733,4545.553317647107,4,2,2,2
168546.40139652856,5582.363971678016,5,3,2,1
191572.20629686196,3955.3703106160947,1,1,1,1
177541.80956122186,6265.121464094,1,3,2,2
256337.65959631014,5742.8194296861675,3,1,1,0
171615.81136639553,5058.2983430728455,2,2,1,1
236560.77466714368,5231.47374745038,4,1,1,2
233914.97055960205,8062.618865844278,4,3,1,2
197598.52346429115,6413.468315401802,2,3,1,1
264932.9867082168,8299.289946742001,1,2,2,0
205383.99348633026,5798.045289938678,3,1,2,1
241704.28593041515,2792.462835993968,3,2,1,0
175264.83155411086,4606.739445704239,4,2,2,0
163828.15929465875,2449.6926881779004,3,3,1,0
236557.2764628804,5792.454552000378,2,1,2,0
221542.0122166874,6118.1062960181025,1,1,2,1
212165.38320641828,3671.126006061081,2,1,2,2
182815.58260311082,4016.5454305297203,5,1,2,2
277460.4738263152,5223.126344352823,4,2,2,2
144170.70978730766,3202.843905103673,3,2,1,2
141432.8495134514,3090.2603461362005,5,3,1,2
247108.32525819144,6857.948072061681,3,2,2,2
243004.8192071535,5172.0659272459525,1,2,1,1
217688.13894959338,4162.835963441066,1,3,2,0
185602.3889048597,2461.8216671641712,1,3,1,2
225121.1064595206,6278.527035341708,3,3,2,1
286041.5148559767,3973.222681674546,5,2,2,2
325777.31039371126,7791.026668805808,1,2,2,2
117179.31472624218,6288.965146540168,5,3,1,0
179053.99403757267,3787.7872183890963,3,3,1,0
175911.33685075803,3926.792454302792,5,3,2,0
281325.9735849841,7582.776744416497,3,2,2,2
75935.25067173992,4873.610829748243,3,2,1,2
225691.7596532773,4230.033157514946,4,1,1,2
187159.48457904832,5041.582532714855,3,2,1,0
281905.637477382,4223.131024919315,3,2,1,1
275051.94200022303,5361.572715662248,2,2,1,2
218275.33674133464,4886.2645677226055,1,3,2,2
121013.84646441016,6313.261970767263,4,2,1,2
171305.52588324333,4417.13884514131,4,3,2,1
176780.44616931307,3672.7754499655293,4,1,2,2
133677.26027732674,4476.522955064622,2,1,1,1
257729.2140929685,4467.3741526639305,3,3,1,2
127328.67513627971,4883.69927720901,1,3,2,1
298266.37542268564,5951.810432085837,5,3,1,2
298141.1317022729,5869.863451207881,3,2,2,0
180746.9869070247,6799.488013787852,2,1,1,0
216424.7685064908,3782.7654833997135,3,3,1,0
196385.8260964788,5583.080184576663,3,2,1,0
245091.24001808453,6090.979770531072,2,1,2,2
263733.86692823796,3988.6693905322045,4,2,1,0
212899.84960600332,4688.553420526431,4,1,2,1
223455.83548905313,2375.033188671805,1,2,1,0
168969.78680302418,6360.286542688603,1,1,2,0
221835.69834451692,4676.752696520196,4,1,1,0
208138.10394619906,6209.846265021499,5,2,2,2
154410.27556243216,5309.0742768192695,3,3,2,0
199298.14453284445,4722.25215653769,5,1,2,1
180840.87410069635,2610.795800971271,3,3,2,0
169525.22090909706,2877.5710839253397,4,2,2,0
142675.4396200216,1110.2807234873867,1,3,2,0
203125.1366624738,4156.079775757015,1,3,1,1
160976.29968373282,8417.373054771871,5,3,2,0
176444.59138486502,3068.0789157230006,1,3,2,1
253756.21376086446,1052.8521748701405,4,3,2,1
231605.8050634189,6444.003379378298,5,1,1,0
151061.66760693732,8545.576803945052,3,1,1,1
217594.5533953218,5446.881597889704,1,1,1,2
206639.03491320775,5433.09859207994,2,2,2,0
285084.81042667304,4535.176889534373,1,3,1,0
269157.2500436137,2308.61415423491,3,1,1,1
123312.5637145082,2823.9321233847854,5,2,2,1
243056.38344793004,4524.870005902223,3,1,2,0
263259.86258118495,4237.316989955385,2,1,1,2
227967.96043641656,4827.240608345087,4,3,2,1
183229.39281529046,6243.9872358922385,1,2,2,1
320669.6957558568,4127.243252124468,5,3,2,2
232570.46404635112,6274.575134606917,4,3,2,2
298827.2136864114,4137.065435145845,3,1,1,0
267573.92147367535,6557.3593892986355,5,3,2,2
223206.7330111652,5129.551350610135,4,2,1,0
171014.95442631864,4346.254488617732,5,3,1,2
198794.75609237494,5103.941090823335,2,3,1,1
188904.37736032234,4559.69173676365,2,3,1,0
139274.0522175365,5169.701356519958,1,1,2,0
232514.07874798516,6137.1592977762075,1,2,2,0
278367.65009797044,4869.176602376525,2,1,2,2
185084.82527242767,4445.646720719328,5,1,1,1
308182.82496123685,3314.7256926337564,2,1,1,0
122120.86070691331,5868.767028937572,1,1,1,0
252718.17741936017,5522.408339604088,2,1,2,0
283576.01177027053,3227.0857236087186,2,2,1,0
189798.47095094697,6253.241416881141,5,3,2,1
190697.17474285595,3202.7239510964964,4,1,2,2
252138.25879222006,6543.83268685084,1,1,2,1
225299.55549797672,6031.794990780527,5,2,2,0
100129.43282702466,5629.498283897105,2,2,1,1
157831.34227303095,4434.507261249446,2,3,2,0
199322.52259762702,5863.669673999679,4,2,1,2
131515.09101574664,6614.557992861771,1,3,2,2
176291.2841785048,5888.52788166226,1,1,1,2
132765.7287378033,3994.624967410644,3,1,1,0
181491.46847233048,5401.1104735331965,1,3,2,1
183168.86363394198,6698.052479442555,4,2,2,2
217587.73382968566,8298.647270835056,3,3,2,0
195412.03380002498,4692.180538251206,3,2,1,0
225139.4860520378,6286.824659197146,2,1,2,1
219177.20037369608,6701.720780126478,2,2,2,2
251566.9997132155,3781.3925015153545,1,3,1,0
243689.15204800578,7673.117477092222,3,3,2,1
238406.19175673585,3402.222973874831,2,1,1,2
355243.3714233361,6213.478272549464,4,2,2,1
217370.13183211643,5457.979669320599,2,2,1,1
329678.5751929431,5083.36333999724,2,2,1,0
220610.92011219668,8820.249922172967,3,1,2,0
195857.4542597054,4548.117147009798,3,2,1,0
181341.74088934014,4523.981610907087,5,3,2,1
275486.28992242145,6997.218211096693,4,2,2,0
282025.16964439687,6142.705667130174,3,1,1,1
229989.19279823644,6923.148381437832,1,2,2,1
256677.33872513528,5175.30407351167,4,2,1,0
136138.97670384584,5475.4139255182445,4,3,1,2
122561.00887438942,7851.403419491861,3,2,1,2
262316.3442898727,3746.0688806289554,4,3,1,2
193659.4251048489,4845.68443386251,3,3,1,1
237465.12086987513,6197.381107138167,2,1,1,1
164135.6025021961,4706.2087698682435,5,3,1,1
282849.4234852388,4144.7811810754465,2,3,1,0
122979.06640554819,5927.726769179783,3,1,2,1
130720.74567586558,7003.708499737241,3,3,2,0
272215.5791856173,4788.748455791214,2,1,1,0
69507.91035085497,4747.115568783876,1,2,2,2
218928.4434047458,4028.467961474854,1,1,2,2
194633.70022017116,4556.034734891398,1,3,2,2
163202.4040399985,6625.409119745278,3,1,2,0
190003.00757048157,5121.594306040485,4,3,2,0
157623.8253455095,3792.5140086045676,3,2,2,0
277112.79730242497,5393.543570485494,4,1,1,1
290224.8544180805,6576.791016479061,2,2,2,0
165713.12066058276,4157.171504678857,5,3,2,2
213776.24387342657,3007.0921706066547,4,3,2,2
133746.17645319764,8286.237739809127,1,2,2,0
253652.60795015632,2932.2059749351292,3,1,1,0
252350.45873216572,4461.466154216321,2,1,1,2
185236.88836461553,5348.192767788005,1,3,1,0
200844.25292099477,4591.358448133563,2,2,1,2
195311.72752386646,4887.633733017472,5,2,2,1
119077.10831598622,5865.2572518118905,3,1,1,2
277300.2073800063,1412.4175134308098,3,1,1,1
161652.33805587847,3099.658292714223,5,1,1,0
161992.53638710396,5066.389079105494,3,2,1,0
192479.00727690835,4393.674482039585,4,1,2,1
249777.42926811392,5194.116887413396,2,1,1,0
170434.83924539847,5341.479923946957,1,3,2,1
102390.73892982778,1826.1200067935115,5,1,1,0
155650.0969635233,6910.4604982274695,4,1,2,2
221207.0209539495,4252.598175349475,1,2,2,0
309487.51439045934,3701.7302228359904,1,2,1,2
137004.0016813422,5312.532943938919,5,3,1,2
135174.91162595854,5160.740341673365,4,1,1,1
124370.2249580592,6795.036226481957,1,3,1,0
118163.75043503295,5407.809744155025,1,2,2,1
260284.5730040715,6737.16627203645,4,3,2,0
274734.42876821896,3592.7339368584417,3,2,1,2
208887.79467902012,5212.791582811249,1,3,1,2
176614.36139295716,3327.878439012666,2,3,2,0
289557.1893431313,5146.51378334042,4,1,1,0
208695.40208282523,4828.568066597172,1,3,2,1
254471.83546802172,4764.053862198645,5,1,1,0
174177.55291390923,4777.208671457551,2,1,2,0
202212.1927111887,6104.584205276897,1,1,2,0
138132.9177276477,2588.9605144961306,2,1,2,1
231462.44859467924,3650.318205823741,2,3,2,0
209546.8875386658,4939.142259882236,3,2,2,2
155271.8383793108,3232.0053657931253,2,2,1,1
155944.6425236769,5069.171159301566,3,2,2,1
280797.9251669372,4923.7212181383875,4,3,1,2
298583.4375230908,2894.3650324211253,3,1,2,2
189343.23316663393,2820.2522806185834,5,2,2,2
203387.67863810813,1064.3176466761015,1,3,1,0
220005.72373241084,3168.994925477131,4,1,1,2
207401.58790798436,5021.4848873159,4,2,1,0
116285.11397306848,5234.281734411316,5,1,1,1
221393.5338595193,5302.849339442676,3,2,2,1
95605.54826996957,3833.1217809989284,1,2,1,2
163365.79043711905,4972.544773967766,3,2,2,0
225271.3573312409,5595.866913862179,2,1,1,2
229999.71039624186,3097.9466757482705,3,3,1,2
159496.34578952548,5184.99361158581,4,1,2,0
177078.1529906541,5984.721817752637,1,2,2,2
170308.17455007732,4263.841805265679,3,1,1,1
194857.7918431965,6593.3514955244045,1,3,2,2
198660.28266821682,4298.848484262545,1,1,2,0
233423.4064764555,3709.9087173153875,2,3,2,0
174155.15685551084,5835.261767829381,2,3,2,1
218669.80959567777,8049.940654199685,4,1,2,0
225350.78822435957,5128.030428331714,5,2,2,0
209914.46886859328,5952.36170617058,1,3,2,1
187019.70887752628,4236.924168353234,5,1,2,2
209032.27321377202,3137.5756703059587,4,3,1,1
237587.01366967882,5249.3984688511,1,2,2,2
241959.24338581561,5486.599957681867,1,1,1,1
290768.63424134534,4463.133364428257,5,1,2,2
150498.68818468694,5946.584777032259,3,1,2,1
177999.63045022986,4018.87998527852,2,2,2,2
119326.5669865799,3646.8706012223865,3,3,2,1
246550.47321639274,6590.964395729247,5,1,1,2
183274.62468216266,6598.021439812446,2,3,1,1
210309.5491014663,4048.485341246482,3,3,2,0
169783.071527668,7578.2757356072325,2,2,1,2
183664.80025110874,4569.339961204626,1,1,2,1
261159.50527133292,5127.174296965938,3,3,2,2
234711.67052429917,4873.0211872273585,2,1,1,2
194423.89711705272,5785.640326168519,2,1,1,1
238390.69597381985,5407.132240701414,2,2,2,2
239495.00400189369,5386.943242372487,3,1,2,1
180428.72416566324,3470.6575524201708,4,1,1,0
126546.02196818958,2467.1565248154734,3,3,2,2
155041.91864989803,6713.240042379293,5,2,1,0
132973.56983087416,4181.831001590384,3,1,2,2
258221.73229964537,4926.449939849783,2,3,2,2
266905.76082238404,5490.198364834671,1,2,1,2
279318.69400795083,7443.514405023901,3,2,1,1
99022.22255114157,5242.036886963762,3,3,1,0
253570.04551868606,4407.803655613854,2,3,2,2
310609.56546923425,4214.683428069714,1,3,2,1
255599.38569053225,4943.964738137092,1,3,2,2
92438.51910646653,3635.952845539081,5,3,2,1
288414.9154198386,5043.313584723515,3,1,1,2
202084.45185659706,4921.970467312979,1,1,2,0
188380.0446749764,7462.290422966227,1,2,2,0
222554.76482914892,4874.598292113618,4,1,2,2
147549.6538714757,2113.2677584267253,4,1,1,1
200139.11854607894,9010.266455594718,1,1,2,2
281021.48225520365,6435.250596734146,5,3,2,1
231119.84352616442,8123.523116143377,1,2,1,2
202920.0736051334,3264.0200195232737,2,2,2,1
204480.40799638044,4667.259828115562,3,2,2,0
140930.30083505993,6011.601862241479,5,2,1,2
192500.60543001373,5804.587058426689,2,1,2,0
118285.23321851162,5460.406561039327,5,1,2,0
251122.04761969054,1700.583922249169,2,3,2,2
90714.47587623287,2431.3408136535295,3,2,1,2
242745.0189810355,7276.280163595808,3,1,2,1
248970.5450417031,7542.994299304534,4,1,2,1
265938.2307863597,4840.0230628454065,2,3,1,0
204342.95815809013,7085.641211609573,4,3,1,1
245831.42330787645,3465.158350785053,2,3,2,1
192012.66798173919,3808.360919796979,4,1,2,2
140665.14411560333,3346.579517205276,3,1,2,1
276536.6196268997,3725.120681467031,5,3,2,0
195155.70851924625,6084.044014283929,4,2,1,1
129524.43412634027,3706.471440404833,2,3,2,0
176659.2527105109,8359.614559891797,2,3,1,2
178633.76587159143,5690.105909521157,3,3,1,0
223084.8459062106,6626.790569742632,2,3,2,1
317352.37416863657,5734.91087420011,1,1,2,2
226120.93066412825,6821.404475688918,5,2,1,1
210342.19259982626,3698.000000692179,4,3,1,2
322788.80997812777,7170.4003072993355,5,2,2,2
248944.67699563626,5211.408328387155,3,2,1,1
212712.46020674641,6813.899166453109,4,2,2,1
176029.40705909525,2840.6539199357235,4,3,2,2
215810.00381022805,5270.874809912544,1,1,1,2
196680.47979534318,5217.858075172498,3,3,1,1
204571.70637794983,4071.145302530838,2,2,2,0
265720.1212384736,5469.678244620896,1,2,1,1
172983.89084312558,7309.410272002272,1,1,2,2
225677.0354081757,3955.7714615553186,5,3,2,1
247446.99949187972,6442.781534307408,5,2,2,0
166894.3741587795,3308.8654157802375,5,1,1,1
158868.92922554497,8164.166891963689,1,2,2,2
192482.90387095482,6176.900477655063,2,1,2,1
176918.52048717695,7587.675998387858,4,1,2,2
257616.6304370752,6008.0907786406515,5,3,2,2
149911.58607176726,5585.919766594043,2,2,2,1
203423.5684264335,6189.399410728877,3,3,2,2
327302.41667022376,4795.328804968743,5,2,2,2
220652.82668930912,2573.249141662517,4,3,2,0
228964.50721524426,5671.099019700188,3,2,2,0
258034.12478485625,3866.744998100368,3,3,2,0
176852.54672873204,3347.5071269308964,4,1,2,0
145929.01856272982,5954.439752657915,5,2,1,2
